Index,Vehicle_ID,Frame_ID,Global_X,Global_Y,Global_Time_New
0,10000,739,6451000.0,1873200.0,70000
1,10000,739,6451000.5,1873200.0,70100
2,10000,739,6451001.0,1873200.0,70200
3,10000,739,6451001.5,1873200.0,70300
4,10000,739,6451002.0,1873200.0,70400
5,10000,739,6451002.5,1873200.0,70500
6,10000,739,6451003.0,1873200.0,70600
7,10000,739,6451003.5,1873200.0,70700
8,10000,739,6451004.0,1873200.0,70800
9,10000,739,6451004.5,1873200.0,70900
10,10000,739,6451005.0,1873200.0,71000
11,10000,739,6451005.5,1873200.0,71100
12,10000,739,6451006.0,1873200.0,71200
13,10000,739,6451006.5,1873200.0,71300
14,10000,739,6451007.0,1873200.0,71400
15,10000,739,6451007.5,1873200.0,71500
16,10000,739,6451008.0,1873200.0,71600
17,10000,739,6451008.5,1873200.0,71700
18,10000,739,6451009.0,1873200.0,71800
19,10000,739,6451009.5,1873200.0,71900
20,10000,739,6451010.0,1873200.0,72000
21,10000,739,6451010.5,1873200.0,72100
22,10000,739,6451011.0,1873200.0,72200
23,10000,739,6451011.5,1873200.0,72300
24,10000,739,6451012.0,1873200.0,72400
25,10000,739,6451012.5,1873200.0,72500
26,10000,739,6451013.0,1873200.0,72600
27,10000,739,6451013.5,1873200.0,72700
28,10000,739,6451014.0,1873200.0,72800
29,10000,739,6451014.5,1873200.0,72900
30,10001,739,6451000.0,1873210.0,70100
31,10001,739,6451000.3025,1873210.0,70200
32,10001,739,6451000.609999999,1873210.0,70300
33,10001,739,6451000.9225,1873210.0,70400
34,10001,739,6451001.24,1873210.0,70500
35,10001,739,6451001.5625,1873210.0,70600
36,10001,739,6451001.89,1873210.0,70700
37,10001,739,6451002.222499999,1873210.0,70800
38,10001,739,6451002.5600000005,1873210.0,70900
39,10001,739,6451002.9025,1873210.0,71000
40,10001,739,6451003.25,1873210.0,71100
41,10001,739,6451003.6025,1873210.0,71200
42,10001,739,6451003.96,1873210.0,71300
43,10001,739,6451004.322500001,1873210.0,71400
44,10001,739,6451004.69,1873210.0,71500
45,10001,739,6451005.0625,1873210.0,71600
46,10001,739,6451005.4399999995,1873210.0,71700
47,10001,739,6451005.8225,1873210.0,71800
48,10001,739,6451006.21,1873210.0,71900
49,10001,739,6451006.6025,1873210.0,72000
50,10001,739,6451007.0,1873210.0,72100
51,10001,739,6451007.4025,1873210.0,72200
52,10001,739,6451007.81,1873210.0,72300
53,10001,739,6451008.2225,1873210.0,72400
54,10001,739,6451008.640000001,1873210.0,72500
55,10001,739,6451009.0625,1873210.0,72600
56,10001,739,6451009.49,1873210.0,72700
57,10001,739,6451009.922499999,1873210.0,72800
58,10001,739,6451010.36,1873210.0,72900
59,10001,739,6451010.8025,1873210.0,73000
60,10002,739,6451020.0,1873220.0,70200
61,10002,739,6451020.4,1873221.451,70300
62,10002,739,6451020.8,1873222.804,70400
63,10002,739,6451021.2,1873224.059,70500
64,10002,739,6451021.6,1873225.216,70600
65,10002,739,6451022.0,1873226.275,70700
66,10002,739,6451022.4,1873227.236,70800
67,10002,739,6451022.8,1873228.099,70900
68,10002,739,6451023.2,1873228.864,71000
69,10002,739,6451023.6,1873229.531,71100
70,10002,739,6451024.0,1873230.1,71200
71,10002,739,6451024.4,1873230.571,71300
72,10002,739,6451024.8,1873230.944,71400
73,10002,739,6451025.2,1873231.219,71500
74,10002,739,6451025.6,1873231.396,71600
75,10002,739,6451026.0,1873231.475,71700
76,10002,739,6451026.4,1873231.456,71800
77,10002,739,6451026.8,1873231.339,71900
78,10002,739,6451027.2,1873231.124,72000
79,10002,739,6451027.6,1873230.811,72100
80,10002,739,6451028.0,1873230.4,72200
81,10002,739,6451028.4,1873229.891,72300
82,10002,739,6451028.8,1873229.284,72400
83,10002,739,6451029.2,1873228.579,72500
84,10002,739,6451029.6,1873227.776,72600
85,10002,739,6451030.0,1873226.875,72700
86,10002,739,6451030.4,1873225.876,72800
87,10002,739,6451030.8,1873224.779,72900
88,10002,739,6451031.2,1873223.584,73000
89,10002,739,6451031.6,1873222.291,73100
90,10003,739,6451030.0,1873230.0,70300
91,10003,739,6451030.205,1873231.3509999998,70400
92,10003,739,6451030.42,1873232.604,70500
93,10003,739,6451030.645,1873233.7589999998,70600
94,10003,739,6451030.88,1873234.816,70700
95,10003,739,6451031.125,1873235.775,70800
96,10003,739,6451031.38,1873236.636,70900
97,10003,739,6451031.6450000005,1873237.399,71000
98,10003,739,6451031.92,1873238.064,71100
99,10003,739,6451032.205,1873238.631,71200
100,10003,739,6451032.5,1873239.1,71300
101,10003,739,6451032.805000001,1873239.471,71400
102,10003,739,6451033.12,1873239.744,71500
103,10003,739,6451033.444999999,1873239.919,71600
104,10003,739,6451033.78,1873239.996,71700
105,10003,739,6451034.125,1873239.975,71800
106,10003,739,6451034.48,1873239.856,71900
107,10003,739,6451034.845000001,1873239.639,72000
108,10003,739,6451035.22,1873239.324,72100
109,10003,739,6451035.6049999995,1873238.911,72200
110,10003,739,6451036.0,1873238.4,72300
111,10003,739,6451036.405,1873237.791,72400
112,10003,739,6451036.82,1873237.084,72500
113,10003,739,6451037.244999999,1873236.2789999999,72600
114,10003,739,6451037.68,1873235.3760000002,72700
115,10003,739,6451038.125,1873234.375,72800
116,10003,739,6451038.58,1873233.2759999998,72900
117,10003,739,6451039.045,1873232.0790000001,73000
118,10003,739,6451039.52,1873230.784,73100
119,10003,739,6451040.005,1873229.391,73200
120,10004,739,6451060.0,1873270.0,70400
121,10004,739,6451059.800003333,1873269.9990000082,70500
122,10004,739,6451059.600026666,1873269.9960001332,70600
123,10004,739,6451059.400089996,1873269.991000675,70700
124,10004,739,6451059.200213316,1873269.9840021331,70800
125,10004,739,6451059.000416615,1873269.9750052078,70900
126,10004,739,6451058.80071987,1873269.9640107986,71000
127,10004,739,6451058.601143053,1873269.9510200052,71100
128,10004,739,6451058.401706121,1873269.936034126,71200
129,10004,739,6451058.202429016,1873269.9190546602,71300
130,10004,739,6451058.003331667,1873269.9000833055,71400
131,10004,739,6451057.804433983,1873269.8791219592,71500
132,10004,739,6451057.605755854,1873269.8561727172,71600
133,10004,739,6451057.407317148,1873269.8312378742,71700
134,10004,739,6451057.209137707,1873269.8043199242,71800
135,10004,739,6451057.01123735,1873269.7754215586,71900
136,10004,739,6451056.813635868,1873269.7445456674,72000
137,10004,739,6451056.616353018,1873269.7116953381,72100
138,10004,739,6451056.419408532,1873269.6768738558,72200
139,10004,739,6451056.222822101,1873269.6400847023,72300
140,10004,739,6451056.0266133845,1873269.601331557,72400
141,10004,739,6451055.830802003,1873269.5606182944,72500
142,10004,739,6451055.635407538,1873269.5179489865,72600
143,10004,739,6451055.440449529,1873269.4733279,72700
144,10004,739,6451055.245947472,1873269.426759497,72800
145,10004,739,6451055.051920815,1873269.3782484343,72900
146,10004,739,6451054.858388962,1873269.3277995626,73000
147,10004,739,6451054.665371266,1873269.2754179274,73100
148,10004,739,6451054.472887029,1873269.2211087663,73200
149,10004,739,6451054.280955498,1873269.1648775102,73300
150,10005,739,6451080.0,1873260.0,70500
151,10005,739,6451080.6,1873260.9933466539,70600
152,10005,739,6451081.2,1873261.9470917115,70700
153,10005,739,6451081.8,1873262.823212367,70800
154,10005,739,6451082.4,1873263.5867804545,70900
155,10005,739,6451083.0,1873264.207354924,71000
156,10005,739,6451083.6,1873264.6601954298,71100
157,10005,739,6451084.2,1873264.92724865,71200
158,10005,739,6451084.8,1873264.9978680152,71300
159,10005,739,6451085.4,1873264.8692381545,71400
160,10005,739,6451086.0,1873264.5464871342,71500
161,10005,739,6451086.6,1873264.0424820192,71600
162,10005,739,6451087.2,1873263.3773159028,71700
163,10005,739,6451087.8,1873262.577506859,71800
164,10005,739,6451088.4,1873261.6749407507,71900
165,10005,739,6451089.0,1873260.7056000403,72000
166,10005,739,6451089.6,1873259.7081292828,72100
167,10005,739,6451090.2,1873258.7222944899,72200
168,10005,739,6451090.8,1873257.7873977835,72300
169,10005,739,6451091.4,1873256.9407105453,72400
170,10005,739,6451092.0,1873256.2159875236,72500
171,10005,739,6451092.6,1873255.6421211378,72600
172,10005,739,6451093.2,1873255.2419896305,72700
173,10005,739,6451093.8,1873255.0315449818,72800
174,10005,739,6451094.4,1873255.0191769558,72900
175,10005,739,6451095.0,1873255.2053786267,73000
176,10005,739,6451095.6,1873255.5827267214,73100
177,10005,739,6451096.2,1873256.1361775622,73200
178,10005,739,6451096.8,1873256.8436668105,73300
179,10005,739,6451097.4,1873257.676989103,73400
180,10006,739,6451100.0,1873270.0,70600
181,10006,739,6451100.405,1873270.7946773232,70700
182,10006,739,6451100.819999999,1873271.5576733693,70800
183,10006,739,6451101.245,1873272.2585698937,70900
184,10006,739,6451101.68,1873272.8694243636,71000
185,10006,739,6451102.125,1873273.3658839392,71100
186,10006,739,6451102.58,1873273.7281563438,71200
187,10006,739,6451103.045,1873273.94179892,71300
188,10006,739,6451103.5200000005,1873273.9982944122,71400
189,10006,739,6451104.005,1873273.8953905236,71500
190,10006,739,6451104.5,1873273.6371897073,71600
191,10006,739,6451105.005000001,1873273.2339856152,71700
192,10006,739,6451105.52,1873272.701852722,71800
193,10006,739,6451106.045,1873272.0620054873,71900
194,10006,739,6451106.58,1873271.3399526007,72000
195,10006,739,6451107.125,1873270.5644800323,72100
196,10006,739,6451107.680000001,1873269.7665034262,72200
197,10006,739,6451108.245,1873268.9778355919,72300
198,10006,739,6451108.82,1873268.2299182268,72400
199,10006,739,6451109.404999999,1873267.5525684361,72500
200,10006,739,6451110.0,1873266.9727900187,72600
201,10006,739,6451110.605,1873266.5136969103,72700
202,10006,739,6451111.22,1873266.1935917044,72800
203,10006,739,6451111.845,1873266.0252359854,72900
204,10006,739,6451112.4799999995,1873266.0153415645,73000
205,10006,739,6451113.125,1873266.1643029014,73100
206,10006,739,6451113.78,1873266.4661813772,73200
207,10006,739,6451114.444999999,1873266.9089420498,73300
208,10006,739,6451115.12,1873267.4749334485,73400
209,10006,739,6451115.805,1873268.1415912823,73500
210,10007,739,6451000.0,1873202.0,70000
211,10007,739,6451000.6,1873202.0,70100
212,10007,739,6451001.2,1873202.0,70200
213,10007,739,6451001.8,1873202.0,70300
214,10007,739,6451002.4,1873202.0,70400
215,10007,739,6451003.0,1873202.0,70500
216,10007,739,6451003.6,1873202.0,70600
217,10007,739,6451004.2,1873202.0,70700
218,10007,739,6451004.8,1873202.0,70800
219,10007,739,6451005.4,1873202.0,70900
220,10007,739,6451006.0,1873202.0,71000
221,10007,739,6451006.6,1873202.0,71100
222,10007,739,6451007.2,1873202.0,71200
223,10007,739,6451007.8,1873202.0,71300
224,10007,739,6451008.4,1873202.0,71400
225,10007,739,6451009.0,1873202.0,71500
226,10007,739,6451009.6,1873202.0,71600
227,10007,739,6451010.2,1873202.0,71700
228,10007,739,6451010.8,1873202.0,71800
229,10007,739,6451011.4,1873202.0,71900
230,10007,739,6451012.0,1873202.0,72000
231,10007,739,6451012.6,1873202.0,72100
232,10007,739,6451013.2,1873202.0,72200
233,10007,739,6451013.8,1873202.0,72300
234,10007,739,6451014.4,1873202.0,72400
235,10007,739,6451015.0,1873202.0,72500
236,10007,739,6451015.6,1873202.0,72600
237,10007,739,6451016.2,1873202.0,72700
238,10007,739,6451016.8,1873202.0,72800
239,10007,739,6451017.4,1873202.0,72900
240,10008,739,6451000.0,1873212.0,70100
241,10008,739,6451000.402500001,1873212.0,70200
242,10008,739,6451000.81,1873212.0,70300
243,10008,739,6451001.2225,1873212.0,70400
244,10008,739,6451001.64,1873212.0,70500
245,10008,739,6451002.0625,1873212.0,70600
246,10008,739,6451002.49,1873212.0,70700
247,10008,739,6451002.922499999,1873212.0,70800
248,10008,739,6451003.36,1873212.0,70900
249,10008,739,6451003.802499999,1873212.0,71000
250,10008,739,6451004.25,1873212.0,71100
251,10008,739,6451004.702500001,1873212.0,71200
252,10008,739,6451005.16,1873212.0,71300
253,10008,739,6451005.6225000005,1873212.0,71400
254,10008,739,6451006.09,1873212.0,71500
255,10008,739,6451006.5625,1873212.0,71600
256,10008,739,6451007.04,1873212.0,71700
257,10008,739,6451007.5225,1873212.0,71800
258,10008,739,6451008.01,1873212.0,71900
259,10008,739,6451008.5024999995,1873212.0,72000
260,10008,739,6451009.0,1873212.0,72100
261,10008,739,6451009.5025,1873212.0,72200
262,10008,739,6451010.01,1873212.0,72300
263,10008,739,6451010.5225,1873212.0,72400
264,10008,739,6451011.04,1873212.0,72500
265,10008,739,6451011.5625,1873212.0,72600
266,10008,739,6451012.090000001,1873212.0,72700
267,10008,739,6451012.6225,1873212.0,72800
268,10008,739,6451013.16,1873212.0,72900
269,10008,739,6451013.7025,1873212.0,73000
270,10009,739,6451020.0,1873222.0,70200
271,10009,739,6451020.5,1873223.451,70300
272,10009,739,6451021.0,1873224.804,70400
273,10009,739,6451021.5,1873226.059,70500
274,10009,739,6451022.0,1873227.216,70600
275,10009,739,6451022.5,1873228.275,70700
276,10009,739,6451023.0,1873229.236,70800
277,10009,739,6451023.5,1873230.099,70900
278,10009,739,6451024.0,1873230.864,71000
279,10009,739,6451024.5,1873231.531,71100
280,10009,739,6451025.0,1873232.1,71200
281,10009,739,6451025.5,1873232.571,71300
282,10009,739,6451026.0,1873232.944,71400
283,10009,739,6451026.5,1873233.219,71500
284,10009,739,6451027.0,1873233.396,71600
285,10009,739,6451027.5,1873233.475,71700
286,10009,739,6451028.0,1873233.456,71800
287,10009,739,6451028.5,1873233.339,71900
288,10009,739,6451029.0,1873233.124,72000
289,10009,739,6451029.5,1873232.811,72100
290,10009,739,6451030.0,1873232.4,72200
291,10009,739,6451030.5,1873231.891,72300
292,10009,739,6451031.0,1873231.284,72400
293,10009,739,6451031.5,1873230.579,72500
294,10009,739,6451032.0,1873229.776,72600
295,10009,739,6451032.5,1873228.875,72700
296,10009,739,6451033.0,1873227.876,72800
297,10009,739,6451033.5,1873226.779,72900
298,10009,739,6451034.0,1873225.584,73000
299,10009,739,6451034.5,1873224.291,73100
300,10010,739,6451030.0,1873232.0,70300
301,10010,739,6451030.305,1873233.3509999998,70400
302,10010,739,6451030.619999999,1873234.604,70500
303,10010,739,6451030.945,1873235.7589999998,70600
304,10010,739,6451031.28,1873236.816,70700
305,10010,739,6451031.625,1873237.775,70800
306,10010,739,6451031.9799999995,1873238.636,70900
307,10010,739,6451032.345,1873239.399,71000
308,10010,739,6451032.720000001,1873240.064,71100
309,10010,739,6451033.105,1873240.631,71200
310,10010,739,6451033.5,1873241.1,71300
311,10010,739,6451033.905,1873241.471,71400
312,10010,739,6451034.319999999,1873241.744,71500
313,10010,739,6451034.745,1873241.919,71600
314,10010,739,6451035.180000001,1873241.996,71700
315,10010,739,6451035.625,1873241.975,71800
316,10010,739,6451036.08,1873241.856,71900
317,10010,739,6451036.545,1873241.639,72000
318,10010,739,6451037.0200000005,1873241.324,72100
319,10010,739,6451037.505,1873240.911,72200
320,10010,739,6451038.0,1873240.4,72300
321,10010,739,6451038.505,1873239.791,72400
322,10010,739,6451039.02,1873239.084,72500
323,10010,739,6451039.545,1873238.2789999999,72600
324,10010,739,6451040.08,1873237.3760000002,72700
325,10010,739,6451040.625,1873236.375,72800
326,10010,739,6451041.18,1873235.2759999998,72900
327,10010,739,6451041.744999999,1873234.0790000001,73000
328,10010,739,6451042.32,1873232.784,73100
329,10010,739,6451042.905,1873231.391,73200
330,10011,739,6451062.0,1873271.0,70400
331,10011,739,6451061.748006048,1873270.998488018,70500
332,10011,739,6451061.4960483825,1873270.9939522904,70600
333,10011,739,6451061.244163285,1873270.9863934696,70700
334,10011,739,6451060.9923870275,1873270.9758126445,70800
335,10011,739,6451060.7407558635,1873270.9622113386,70900
336,10011,739,6451060.48930603,1873270.9455915105,71000
337,10011,739,6451060.238073733,1873270.9259555535,71100
338,10011,739,6451059.987095149,1873270.903306295,71200
339,10011,739,6451059.736406421,1873270.8776469964,71300
340,10011,739,6451059.486043647,1873270.848981353,71400
341,10011,739,6451059.236042878,1873270.817313492,71500
342,10011,739,6451058.986440114,1873270.782647974,71600
343,10011,739,6451058.737271297,1873270.7449897905,71700
344,10011,739,6451058.488572308,1873270.7043443646,71800
345,10011,739,6451058.240378958,1873270.6607175486,71900
346,10011,739,6451057.992726987,1873270.614115625,72000
347,10011,739,6451057.745652056,1873270.5645453045,72100
348,10011,739,6451057.499189745,1873270.5120137248,72200
349,10011,739,6451057.253375542,1873270.4565284508,72300
350,10011,739,6451057.008244845,1873270.3980974718,72400
351,10011,739,6451056.763832952,1873270.3367292022,72500
352,10011,739,6451056.520175058,1873270.2724324788,72600
353,10011,739,6451056.277306249,1873270.20521656,72700
354,10011,739,6451056.035261499,1873270.135091125,72800
355,10011,739,6451055.79407566,1873270.0620662717,72900
356,10011,739,6451055.553783464,1873269.9861525155,73000
357,10011,739,6451055.314419512,1873269.9073607877,73100
358,10011,739,6451055.076018272,1873269.8257024346,73200
359,10011,739,6451054.838614073,1873269.7411892144,73300
360,10012,739,6451080.0,1873262.0,70500
361,10012,739,6451080.6,1873263.4844237554,70600
362,10012,739,6451081.2,1873264.8765532316,70700
363,10012,739,6451081.8,1873266.0898325602,70800
364,10012,739,6451082.4,1873267.048825909,70900
365,10012,739,6451083.0,1873267.693907716,71000
366,10012,739,6451083.6,1873267.9849699195,71100
367,10012,739,6451084.2,1873267.9039156812,71200
368,10012,739,6451084.8,1873267.4557845609,71300
369,10012,739,6451085.4,1873266.6684391813,71400
370,10012,739,6451086.0,1873265.5908328646,71500
371,10012,739,6451086.6,1873264.2899659523,71600
372,10012,739,6451087.2,1873262.8467200485,71700
373,10012,739,6451087.8,1873261.350829193,71800
374,10012,739,6451088.4,1873259.895300634,71900
375,10012,739,6451089.0,1873258.5706320875,72000
376,10012,739,6451089.6,1873257.4591850282,72100
377,10012,739,6451090.2,1873256.6300638507,72200
378,10012,739,6451090.8,1873256.134819294,72300
379,10012,739,6451091.4,1873256.004243266,72400
380,10012,739,6451092.0,1873256.246454352,72500
381,10012,739,6451092.6,1873256.8463930395,72600
382,10012,739,6451093.2,1873257.7667580466,72700
383,10012,739,6451093.8,1873258.950325535,72800
384,10012,739,6451094.4,1873260.3235070107,72900
385,10012,739,6451095.0,1873261.8009247007,73000
386,10012,739,6451095.6,1873263.2907199285,73100
387,10012,739,6451096.2,1873264.7002644427,73200
388,10012,739,6451096.8,1873265.9419195922,73300
389,10012,739,6451097.4,1873266.938485274,73400
390,10013,739,6451100.0,1873272.0,70600
391,10013,739,6451100.405,1873273.2370197962,70700
392,10013,739,6451100.819999999,1873274.397127693,70800
393,10013,739,6451101.245,1873275.4081938001,70900
394,10013,739,6451101.68,1873276.207354924,71000
395,10013,739,6451102.125,1873276.7449230968,71100
396,10013,739,6451102.58,1873276.987474933,71200
397,10013,739,6451103.045,1873276.9199297344,71300
398,10013,739,6451103.5200000005,1873276.5464871342,71400
399,10013,739,6451104.005,1873275.8903659845,71500
400,10013,739,6451104.5,1873274.9923607204,71600
401,10013,739,6451105.005000001,1873273.9083049602,71700
402,10013,739,6451105.52,1873272.7056000403,71800
403,10013,739,6451106.045,1873271.4590243273,71900
404,10013,739,6451106.58,1873270.2460838614,72000
405,10013,739,6451107.125,1873269.1421934064,72100
406,10013,739,6451107.680000001,1873268.2159875236,72200
407,10013,739,6451108.245,1873267.525053209,72300
408,10013,739,6451108.82,1873267.1123494117,72400
409,10013,739,6451109.404999999,1873267.003536055,72500
410,10013,739,6451110.0,1873267.2053786267,72600
411,10013,739,6451110.605,1873267.705327533,72700
412,10013,739,6451111.22,1873268.472298372,72800
413,10013,739,6451111.845,1873269.4586046124,72900
414,10013,739,6451112.4799999995,1873270.602922509,73000
415,10013,739,6451113.125,1873271.8341039172,73100
416,10013,739,6451113.78,1873273.0755999405,73200
417,10013,739,6451114.444999999,1873274.2502203688,73300
418,10013,739,6451115.12,1873275.2849329936,73400
419,10013,739,6451115.805,1873276.1154043952,73500
420,10014,739,6451000.0,1873204.0,70000
421,10014,739,6451000.7,1873204.0,70100
422,10014,739,6451001.4,1873204.0,70200
423,10014,739,6451002.1,1873204.0,70300
424,10014,739,6451002.8,1873204.0,70400
425,10014,739,6451003.5,1873204.0,70500
426,10014,739,6451004.2,1873204.0,70600
427,10014,739,6451004.9,1873204.0,70700
428,10014,739,6451005.6,1873204.0,70800
429,10014,739,6451006.3,1873204.0,70900
430,10014,739,6451007.0,1873204.0,71000
431,10014,739,6451007.7,1873204.0,71100
432,10014,739,6451008.4,1873204.0,71200
433,10014,739,6451009.1,1873204.0,71300
434,10014,739,6451009.8,1873204.0,71400
435,10014,739,6451010.5,1873204.0,71500
436,10014,739,6451011.2,1873204.0,71600
437,10014,739,6451011.9,1873204.0,71700
438,10014,739,6451012.6,1873204.0,71800
439,10014,739,6451013.3,1873204.0,71900
440,10014,739,6451014.0,1873204.0,72000
441,10014,739,6451014.7,1873204.0,72100
442,10014,739,6451015.4,1873204.0,72200
443,10014,739,6451016.1,1873204.0,72300
444,10014,739,6451016.8,1873204.0,72400
445,10014,739,6451017.5,1873204.0,72500
446,10014,739,6451018.2,1873204.0,72600
447,10014,739,6451018.9,1873204.0,72700
448,10014,739,6451019.6,1873204.0,72800
449,10014,739,6451020.3,1873204.0,72900
450,10015,739,6451000.0,1873214.0,70100
451,10015,739,6451000.5025,1873214.0,70200
452,10015,739,6451001.01,1873214.0,70300
453,10015,739,6451001.5225,1873214.0,70400
454,10015,739,6451002.04,1873214.0,70500
455,10015,739,6451002.5625,1873214.0,70600
456,10015,739,6451003.09,1873214.0,70700
457,10015,739,6451003.6225,1873214.0,70800
458,10015,739,6451004.16,1873214.0,70900
459,10015,739,6451004.7025,1873214.0,71000
460,10015,739,6451005.25,1873214.0,71100
461,10015,739,6451005.8025,1873214.0,71200
462,10015,739,6451006.36,1873214.0,71300
463,10015,739,6451006.9225,1873214.0,71400
464,10015,739,6451007.49,1873214.0,71500
465,10015,739,6451008.0625,1873214.0,71600
466,10015,739,6451008.64,1873214.0,71700
467,10015,739,6451009.2225,1873214.0,71800
468,10015,739,6451009.81,1873214.0,71900
469,10015,739,6451010.4025,1873214.0,72000
470,10015,739,6451011.0,1873214.0,72100
471,10015,739,6451011.6025,1873214.0,72200
472,10015,739,6451012.21,1873214.0,72300
473,10015,739,6451012.8225,1873214.0,72400
474,10015,739,6451013.44,1873214.0,72500
475,10015,739,6451014.0625,1873214.0,72600
476,10015,739,6451014.69,1873214.0,72700
477,10015,739,6451015.3225,1873214.0,72800
478,10015,739,6451015.96,1873214.0,72900
479,10015,739,6451016.6025,1873214.0,73000
480,10016,739,6451020.0,1873224.0,70200
481,10016,739,6451020.6,1873225.451,70300
482,10016,739,6451021.2,1873226.804,70400
483,10016,739,6451021.8,1873228.059,70500
484,10016,739,6451022.4,1873229.216,70600
485,10016,739,6451023.0,1873230.275,70700
486,10016,739,6451023.6,1873231.236,70800
487,10016,739,6451024.2,1873232.099,70900
488,10016,739,6451024.8,1873232.864,71000
489,10016,739,6451025.4,1873233.531,71100
490,10016,739,6451026.0,1873234.1,71200
491,10016,739,6451026.6,1873234.571,71300
492,10016,739,6451027.2,1873234.944,71400
493,10016,739,6451027.8,1873235.219,71500
494,10016,739,6451028.4,1873235.396,71600
495,10016,739,6451029.0,1873235.475,71700
496,10016,739,6451029.6,1873235.456,71800
497,10016,739,6451030.2,1873235.339,71900
498,10016,739,6451030.8,1873235.124,72000
499,10016,739,6451031.4,1873234.811,72100
500,10016,739,6451032.0,1873234.4,72200
501,10016,739,6451032.6,1873233.891,72300
502,10016,739,6451033.2,1873233.284,72400
503,10016,739,6451033.8,1873232.579,72500
504,10016,739,6451034.4,1873231.776,72600
505,10016,739,6451035.0,1873230.875,72700
506,10016,739,6451035.6,1873229.876,72800
507,10016,739,6451036.2,1873228.779,72900
508,10016,739,6451036.8,1873227.584,73000
509,10016,739,6451037.4,1873226.291,73100
510,10017,739,6451030.0,1873234.0,70300
511,10017,739,6451030.405,1873235.3509999998,70400
512,10017,739,6451030.819999999,1873236.604,70500
513,10017,739,6451031.245,1873237.7589999998,70600
514,10017,739,6451031.68,1873238.816,70700
515,10017,739,6451032.125,1873239.775,70800
516,10017,739,6451032.58,1873240.636,70900
517,10017,739,6451033.045,1873241.399,71000
518,10017,739,6451033.5200000005,1873242.064,71100
519,10017,739,6451034.005,1873242.631,71200
520,10017,739,6451034.5,1873243.1,71300
521,10017,739,6451035.005000001,1873243.471,71400
522,10017,739,6451035.52,1873243.744,71500
523,10017,739,6451036.045,1873243.919,71600
524,10017,739,6451036.58,1873243.996,71700
525,10017,739,6451037.125,1873243.975,71800
526,10017,739,6451037.680000001,1873243.856,71900
527,10017,739,6451038.245,1873243.639,72000
528,10017,739,6451038.82,1873243.324,72100
529,10017,739,6451039.404999999,1873242.911,72200
530,10017,739,6451040.0,1873242.4,72300
531,10017,739,6451040.605,1873241.791,72400
532,10017,739,6451041.22,1873241.084,72500
533,10017,739,6451041.845,1873240.2789999999,72600
534,10017,739,6451042.4799999995,1873239.3760000002,72700
535,10017,739,6451043.125,1873238.375,72800
536,10017,739,6451043.78,1873237.2759999998,72900
537,10017,739,6451044.444999999,1873236.0790000001,73000
538,10017,739,6451045.12,1873234.784,73100
539,10017,739,6451045.805,1873233.391,73200
540,10018,739,6451064.0,1873272.0,70400
541,10018,739,6451063.692010061,1873271.9978440353,70500
542,10018,739,6451063.384080487,1873271.9913765634,70600
543,10018,739,6451063.076271632,1873271.9805988523,70700
544,10018,739,6451062.768643824,1873271.965513014,70800
545,10018,739,6451062.461257359,1873271.9461220056,70900
546,10018,739,6451062.154172481,1873271.9224296275,71000
547,10018,739,6451061.847449381,1873271.8944405233,71100
548,10018,739,6451061.541148173,1873271.862160179,71200
549,10018,739,6451061.235328892,1873271.8255949211,71300
550,10018,739,6451060.930051478,1873271.7847519168,71400
551,10018,739,6451060.6253757635,1873271.7396391705,71500
552,10018,739,6451060.321361465,1873271.6902655247,71600
553,10018,739,6451060.018068168,1873271.6366406563,71700
554,10018,739,6451059.715555317,1873271.5787750755,71800
555,10018,739,6451059.413882203,1873271.516680124,71900
556,10018,739,6451059.113107954,1873271.450367972,72000
557,10018,739,6451058.81329152,1873271.3798516165,72100
558,10018,739,6451058.514491664,1873271.3051448786,72200
559,10018,739,6451058.216766951,1873271.2262624004,72300
560,10018,739,6451057.920175731,1873271.1432196428,72400
561,10018,739,6451057.624776139,1873271.0560328818,72500
562,10018,739,6451057.33062607,1873270.9647192059,72600
563,10018,739,6451057.037783177,1873270.869296512,72700
564,10018,739,6451056.746304856,1873270.769783503,72800
565,10018,739,6451056.456248236,1873270.6661996827,72900
566,10018,739,6451056.167670167,1873270.5585653535,73000
567,10018,739,6451055.88062721,1873270.4469016113,73100
568,10018,739,6451055.595175624,1873270.3312303417,73200
569,10018,739,6451055.311371356,1873270.2115742161,73300
570,10019,739,6451080.0,1873264.0,70500
571,10019,739,6451080.6,1873266.0686414465,70600
572,10019,739,6451081.2,1873267.9524973137,70700
573,10019,739,6451081.8,1873269.4832883673,70800
574,10019,739,6451082.4,1873270.5242736018,70900
575,10019,739,6451083.0,1873270.9824649063,71000
576,10019,739,6451083.6,1873270.816933416,71100
577,10019,739,6451084.2,1873270.0424655667,71200
578,10019,739,6451084.8,1873268.728242264,71300
579,10019,739,6451085.4,1873266.9916591616,71400
580,10019,739,6451086.0,1873264.9878400564,71500
581,10019,739,6451086.6,1873262.895780141,71600
582,10019,739,6451087.2,1873260.902356897,71700
583,10019,739,6451087.8,1873259.1856368857,71800
584,10019,739,6451088.4,1873257.898969593,71900
585,10019,739,6451089.0,1873257.1572891762,72000
586,10019,739,6451089.6,1873257.026847738,72100
587,10019,739,6451090.2,1873257.5192972238,72200
588,10019,739,6451090.8,1873258.590648587,72300
589,10019,739,6451091.4,1873260.1452012018,72400
590,10019,739,6451092.0,1873262.0440915127,72500
591,10019,739,6451092.6,1873264.1176973034,72600
592,10019,739,6451093.2,1873266.1807895445,72700
593,10019,739,6451093.8,1873268.0490783507,72800
594,10019,739,6451094.4,1873269.555675047,72900
595,10019,739,6451095.0,1873270.5659998374,73000
596,10019,739,6451095.6,1873270.9898034176,73100
597,10019,739,6451096.2,1873270.789228676,73200
598,10019,739,6451096.8,1873269.9821923566,73300
599,10019,739,6451097.4,1873268.6407846105,73400
600,10020,739,6451100.0,1873274.0,70600
601,10020,739,6451100.405,1873275.77312124,70700
602,10020,739,6451100.819999999,1873277.3878548404,70800
603,10020,739,6451101.245,1873278.6999614579,70900
604,10020,739,6451101.68,1873279.5922345158,71000
605,10020,739,6451102.125,1873279.9849699195,71100
606,10020,739,6451102.58,1873279.8430857852,71200
607,10020,739,6451103.045,1873279.1792561999,71300
608,10020,739,6451103.5200000005,1873278.0527790834,71400
609,10020,739,6451104.005,1873276.5642792813,71500
610,10020,739,6451104.5,1873274.8467200485,71600
611,10020,739,6451105.005000001,1873273.053525835,71700
612,10020,739,6451105.52,1873271.3448773401,71800
613,10020,739,6451106.045,1873269.8734030449,71900
614,10020,739,6451106.58,1873268.7705453655,72000
615,10020,739,6451107.125,1873268.134819294,72100
616,10020,739,6451107.680000001,1873268.023012347,72200
617,10020,739,6451108.245,1873268.445111906,72300
618,10020,739,6451108.82,1873269.3634130748,72400
619,10020,739,6451109.404999999,1873270.6958867444,72500
620,10020,739,6451110.0,1873272.3235070107,72600
621,10020,739,6451110.605,1873274.1008834029,72700
622,10020,739,6451111.22,1873275.869248181,72800
623,10020,739,6451111.845,1873277.4706385864,72900
624,10020,739,6451112.4799999995,1873278.7620071832,73000
625,10020,739,6451113.125,1873279.6279998606,73100
626,10020,739,6451113.78,1873279.9912600722,73200
627,10020,739,6451114.444999999,1873279.819338865,73300
628,10020,739,6451115.12,1873279.1275934486,73400
629,10020,739,6451115.805,1873277.9778153806,73500
630,10021,739,6451000.0,1873206.0,70000
631,10021,739,6451000.8,1873206.0,70100
632,10021,739,6451001.6,1873206.0,70200
633,10021,739,6451002.4,1873206.0,70300
634,10021,739,6451003.2,1873206.0,70400
635,10021,739,6451004.0,1873206.0,70500
636,10021,739,6451004.8,1873206.0,70600
637,10021,739,6451005.6,1873206.0,70700
638,10021,739,6451006.4,1873206.0,70800
639,10021,739,6451007.2,1873206.0,70900
640,10021,739,6451008.0,1873206.0,71000
641,10021,739,6451008.8,1873206.0,71100
642,10021,739,6451009.6,1873206.0,71200
643,10021,739,6451010.4,1873206.0,71300
644,10021,739,6451011.2,1873206.0,71400
645,10021,739,6451012.0,1873206.0,71500
646,10021,739,6451012.8,1873206.0,71600
647,10021,739,6451013.6,1873206.0,71700
648,10021,739,6451014.4,1873206.0,71800
649,10021,739,6451015.2,1873206.0,71900
650,10021,739,6451016.0,1873206.0,72000
651,10021,739,6451016.8,1873206.0,72100
652,10021,739,6451017.6,1873206.0,72200
653,10021,739,6451018.4,1873206.0,72300
654,10021,739,6451019.2,1873206.0,72400
655,10021,739,6451020.0,1873206.0,72500
656,10021,739,6451020.8,1873206.0,72600
657,10021,739,6451021.6,1873206.0,72700
658,10021,739,6451022.4,1873206.0,72800
659,10021,739,6451023.2,1873206.0,72900
660,10022,739,6451000.0,1873216.0,70100
661,10022,739,6451000.6025,1873216.0,70200
662,10022,739,6451001.21,1873216.0,70300
663,10022,739,6451001.8225,1873216.0,70400
664,10022,739,6451002.44,1873216.0,70500
665,10022,739,6451003.0625,1873216.0,70600
666,10022,739,6451003.6899999995,1873216.0,70700
667,10022,739,6451004.3225,1873216.0,70800
668,10022,739,6451004.96,1873216.0,70900
669,10022,739,6451005.6025,1873216.0,71000
670,10022,739,6451006.25,1873216.0,71100
671,10022,739,6451006.9025,1873216.0,71200
672,10022,739,6451007.5600000005,1873216.0,71300
673,10022,739,6451008.2225,1873216.0,71400
674,10022,739,6451008.890000001,1873216.0,71500
675,10022,739,6451009.5625,1873216.0,71600
676,10022,739,6451010.239999999,1873216.0,71700
677,10022,739,6451010.9225,1873216.0,71800
678,10022,739,6451011.609999999,1873216.0,71900
679,10022,739,6451012.3025,1873216.0,72000
680,10022,739,6451013.0,1873216.0,72100
681,10022,739,6451013.7025,1873216.0,72200
682,10022,739,6451014.41,1873216.0,72300
683,10022,739,6451015.1225,1873216.0,72400
684,10022,739,6451015.840000001,1873216.0,72500
685,10022,739,6451016.5625,1873216.0,72600
686,10022,739,6451017.29,1873216.0,72700
687,10022,739,6451018.0225,1873216.0,72800
688,10022,739,6451018.76,1873216.0,72900
689,10022,739,6451019.5025,1873216.0,73000
690,10023,739,6451020.0,1873226.0,70200
691,10023,739,6451020.7,1873227.451,70300
692,10023,739,6451021.4,1873228.804,70400
693,10023,739,6451022.1,1873230.059,70500
694,10023,739,6451022.8,1873231.216,70600
695,10023,739,6451023.5,1873232.275,70700
696,10023,739,6451024.2,1873233.236,70800
697,10023,739,6451024.9,1873234.099,70900
698,10023,739,6451025.6,1873234.864,71000
699,10023,739,6451026.3,1873235.531,71100
700,10023,739,6451027.0,1873236.1,71200
701,10023,739,6451027.7,1873236.571,71300
702,10023,739,6451028.4,1873236.944,71400
703,10023,739,6451029.1,1873237.219,71500
704,10023,739,6451029.8,1873237.396,71600
705,10023,739,6451030.5,1873237.475,71700
706,10023,739,6451031.2,1873237.456,71800
707,10023,739,6451031.9,1873237.339,71900
708,10023,739,6451032.6,1873237.124,72000
709,10023,739,6451033.3,1873236.811,72100
710,10023,739,6451034.0,1873236.4,72200
711,10023,739,6451034.7,1873235.891,72300
712,10023,739,6451035.4,1873235.284,72400
713,10023,739,6451036.1,1873234.579,72500
714,10023,739,6451036.8,1873233.776,72600
715,10023,739,6451037.5,1873232.875,72700
716,10023,739,6451038.2,1873231.876,72800
717,10023,739,6451038.9,1873230.779,72900
718,10023,739,6451039.6,1873229.584,73000
719,10023,739,6451040.3,1873228.291,73100
720,10024,739,6451030.0,1873236.0,70300
721,10024,739,6451030.505,1873237.3509999998,70400
722,10024,739,6451031.02,1873238.604,70500
723,10024,739,6451031.545,1873239.7589999998,70600
724,10024,739,6451032.08,1873240.816,70700
725,10024,739,6451032.625,1873241.775,70800
726,10024,739,6451033.18,1873242.636,70900
727,10024,739,6451033.745,1873243.399,71000
728,10024,739,6451034.32,1873244.064,71100
729,10024,739,6451034.905,1873244.631,71200
730,10024,739,6451035.5,1873245.1,71300
731,10024,739,6451036.105,1873245.471,71400
732,10024,739,6451036.72,1873245.744,71500
733,10024,739,6451037.345,1873245.919,71600
734,10024,739,6451037.98,1873245.996,71700
735,10024,739,6451038.625,1873245.975,71800
736,10024,739,6451039.28,1873245.856,71900
737,10024,739,6451039.945,1873245.639,72000
738,10024,739,6451040.62,1873245.324,72100
739,10024,739,6451041.305,1873244.911,72200
740,10024,739,6451042.0,1873244.4,72300
741,10024,739,6451042.705,1873243.791,72400
742,10024,739,6451043.42,1873243.084,72500
743,10024,739,6451044.145,1873242.2789999999,72600
744,10024,739,6451044.88,1873241.3760000002,72700
745,10024,739,6451045.625,1873240.375,72800
746,10024,739,6451046.38,1873239.2759999998,72900
747,10024,739,6451047.145,1873238.0790000001,73000
748,10024,739,6451047.92,1873236.784,73100
749,10024,739,6451048.705,1873235.391,73200
750,10025,739,6451066.0,1873273.0,70400
751,10025,739,6451065.632015701,1873272.9970560628,70500
752,10025,739,6451065.264125604,1873272.9882250049,70600
753,10025,739,6451064.896423887,1873272.9735090868,70700
754,10025,739,6451064.52900468,1873272.952912076,70800
755,10025,739,6451064.161962039,1873272.926439245,70900
756,10025,739,6451063.795389925,1873272.8940973708,71000
757,10025,739,6451063.429382181,1873272.8558947325,71100
758,10025,739,6451063.0640325,1873272.8118411102,71200
759,10025,739,6451062.699434411,1873272.761947781,71300
760,10025,739,6451062.3356812475,1873272.7062275177,71400
761,10025,739,6451061.972866131,1873272.644694584,71500
762,10025,739,6451061.611081938,1873272.577364732,71600
763,10025,739,6451061.250421285,1873272.5042551982,71700
764,10025,739,6451060.890976497,1873272.425384698,71800
765,10025,739,6451060.532839593,1873272.3407734216,71900
766,10025,739,6451060.17610225,1873272.2504430292,72000
767,10025,739,6451059.8208557945,1873272.154416645,72100
768,10025,739,6451059.467191165,1873272.0527188512,72200
769,10025,739,6451059.1151989,1873271.9453756816,72300
770,10025,739,6451058.764969106,1873271.832414616,72400
771,10025,739,6451058.41659144,1873271.7138645712,72500
772,10025,739,6451058.070155086,1873271.5897558958,72600
773,10025,739,6451057.725748728,1873271.4601203606,72700
774,10025,739,6451057.383460534,1873271.324991152,72800
775,10025,739,6451057.043378127,1873271.184402862,72900
776,10025,739,6451056.705588566,1873271.0383914807,73000
777,10025,739,6451056.370178323,1873270.886994386,73100
778,10025,739,6451056.037233263,1873270.7302503348,73200
779,10025,739,6451055.706838616,1873270.5681994527,73300
780,10026,739,6451080.0,1873266.0,70500
781,10026,739,6451080.6,1873268.7431824596,70600
782,10026,739,6451081.2,1873271.153741498,70700
783,10026,739,6451081.8,1873272.9393858048,70800
784,10026,739,6451082.4,1873273.8835978399,70900
785,10026,739,6451083.0,1873273.871887575,71000
786,10026,739,6451083.6,1873272.9056749332,71100
787,10026,739,6451084.2,1873271.1021176171,71200
788,10026,739,6451084.8,1873268.6799052013,71300
789,10026,739,6451085.4,1873265.932742021,71400
790,10026,739,6451086.0,1873263.1937341786,71500
791,10026,739,6451086.6,1873260.7949989035,71600
792,10026,739,6451087.2,1873259.0273938207,71700
793,10026,739,6451087.8,1873258.105249132,71800
794,10026,739,6451088.4,1873258.140379099,71900
795,10026,739,6451089.0,1873259.1285240527,72000
796,10026,739,6451089.6,1873260.949866897,72100
797,10026,739,6451090.2,1873263.383561481,72200
798,10026,739,6451090.8,1873266.134511204,72300
799,10026,739,6451091.4,1873268.8691508279,72400
800,10026,739,6451092.0,1873271.2558927897,72500
801,10026,739,6451092.6,1873273.0053337088,72600
802,10026,739,6451093.2,1873273.905345871,72700
803,10026,739,6451093.8,1873273.846798685,72800
804,10026,739,6451094.4,1873272.8367912646,72900
805,10026,739,6451095.0,1873270.99779163,73000
806,10026,739,6451095.6,1873268.5527868988,73100
807,10026,739,6451096.2,1873265.798245079,73200
808,10026,739,6451096.8,1873263.068166966,73300
809,10026,739,6451097.4,1873260.6935870196,73400
810,10027,739,6451100.0,1873276.0,70600
811,10027,739,6451100.405,1873278.4002846521,70700
812,10027,739,6451100.819999999,1873280.5095238106,70800
813,10027,739,6451101.245,1873282.0719625792,70900
814,10027,739,6451101.68,1873282.89814811,71000
815,10027,739,6451102.125,1873282.8879016282,71100
816,10027,739,6451102.58,1873282.0424655667,71200
817,10027,739,6451103.045,1873280.4643529148,71300
818,10027,739,6451103.5200000005,1873278.344917051,71400
819,10027,739,6451104.005,1873275.9411492685,71500
820,10027,739,6451104.5,1873273.5445174063,71600
821,10027,739,6451105.005000001,1873271.4456240404,71700
822,10027,739,6451105.52,1873269.898969593,71800
823,10027,739,6451106.045,1873269.0920929904,71900
824,10027,739,6451106.58,1873269.1228317115,72000
825,10027,739,6451107.125,1873269.987458546,72100
826,10027,739,6451107.680000001,1873271.581133535,72200
827,10027,739,6451108.245,1873273.710616296,72300
828,10027,739,6451108.82,1873276.1176973034,72400
829,10027,739,6451109.404999999,1873278.5105069745,72500
830,10027,739,6451110.0,1873280.598906191,72600
831,10027,739,6451110.605,1873282.1296669953,72700
832,10027,739,6451111.22,1873282.917177637,72800
833,10027,739,6451111.845,1873282.8659488494,72900
834,10027,739,6451112.4799999995,1873281.9821923566,73000
835,10027,739,6451113.125,1873280.3730676763,73100
836,10027,739,6451113.78,1873278.2336885363,73200
837,10027,739,6451114.444999999,1873275.823464444,73300
838,10027,739,6451115.12,1873273.4346460951,73400
839,10027,739,6451115.805,1873271.356888642,73500
840,10028,739,6451000.0,1873208.0,70000
841,10028,739,6451000.9,1873208.0,70100
842,10028,739,6451001.8,1873208.0,70200
843,10028,739,6451002.7,1873208.0,70300
844,10028,739,6451003.6,1873208.0,70400
845,10028,739,6451004.5,1873208.0,70500
846,10028,739,6451005.4,1873208.0,70600
847,10028,739,6451006.3,1873208.0,70700
848,10028,739,6451007.2,1873208.0,70800
849,10028,739,6451008.1,1873208.0,70900
850,10028,739,6451009.0,1873208.0,71000
851,10028,739,6451009.9,1873208.0,71100
852,10028,739,6451010.8,1873208.0,71200
853,10028,739,6451011.7,1873208.0,71300
854,10028,739,6451012.6,1873208.0,71400
855,10028,739,6451013.5,1873208.0,71500
856,10028,739,6451014.4,1873208.0,71600
857,10028,739,6451015.3,1873208.0,71700
858,10028,739,6451016.2,1873208.0,71800
859,10028,739,6451017.1,1873208.0,71900
860,10028,739,6451018.0,1873208.0,72000
861,10028,739,6451018.9,1873208.0,72100
862,10028,739,6451019.8,1873208.0,72200
863,10028,739,6451020.7,1873208.0,72300
864,10028,739,6451021.6,1873208.0,72400
865,10028,739,6451022.5,1873208.0,72500
866,10028,739,6451023.4,1873208.0,72600
867,10028,739,6451024.3,1873208.0,72700
868,10028,739,6451025.2,1873208.0,72800
869,10028,739,6451026.1,1873208.0,72900
870,10029,739,6451000.0,1873218.0,70100
871,10029,739,6451000.702500001,1873218.0,70200
872,10029,739,6451001.41,1873218.0,70300
873,10029,739,6451002.1225,1873218.0,70400
874,10029,739,6451002.84,1873218.0,70500
875,10029,739,6451003.5625,1873218.0,70600
876,10029,739,6451004.29,1873218.0,70700
877,10029,739,6451005.0225,1873218.0,70800
878,10029,739,6451005.76,1873218.0,70900
879,10029,739,6451006.5024999995,1873218.0,71000
880,10029,739,6451007.25,1873218.0,71100
881,10029,739,6451008.0025,1873218.0,71200
882,10029,739,6451008.760000001,1873218.0,71300
883,10029,739,6451009.5225,1873218.0,71400
884,10029,739,6451010.29,1873218.0,71500
885,10029,739,6451011.0625,1873218.0,71600
886,10029,739,6451011.84,1873218.0,71700
887,10029,739,6451012.6225000005,1873218.0,71800
888,10029,739,6451013.409999999,1873218.0,71900
889,10029,739,6451014.2025,1873218.0,72000
890,10029,739,6451015.0,1873218.0,72100
891,10029,739,6451015.8025,1873218.0,72200
892,10029,739,6451016.61,1873218.0,72300
893,10029,739,6451017.422499999,1873218.0,72400
894,10029,739,6451018.24,1873218.0,72500
895,10029,739,6451019.0625,1873218.0,72600
896,10029,739,6451019.890000001,1873218.0,72700
897,10029,739,6451020.7225,1873218.0,72800
898,10029,739,6451021.56,1873218.0,72900
899,10029,739,6451022.4025,1873218.0,73000
900,10030,739,6451020.0,1873228.0,70200
901,10030,739,6451020.8,1873229.451,70300
902,10030,739,6451021.6,1873230.804,70400
903,10030,739,6451022.4,1873232.059,70500
904,10030,739,6451023.2,1873233.216,70600
905,10030,739,6451024.0,1873234.275,70700
906,10030,739,6451024.8,1873235.236,70800
907,10030,739,6451025.6,1873236.099,70900
908,10030,739,6451026.4,1873236.864,71000
909,10030,739,6451027.2,1873237.531,71100
910,10030,739,6451028.0,1873238.1,71200
911,10030,739,6451028.8,1873238.571,71300
912,10030,739,6451029.6,1873238.944,71400
913,10030,739,6451030.4,1873239.219,71500
914,10030,739,6451031.2,1873239.396,71600
915,10030,739,6451032.0,1873239.475,71700
916,10030,739,6451032.8,1873239.456,71800
917,10030,739,6451033.6,1873239.339,71900
918,10030,739,6451034.4,1873239.124,72000
919,10030,739,6451035.2,1873238.811,72100
920,10030,739,6451036.0,1873238.4,72200
921,10030,739,6451036.8,1873237.891,72300
922,10030,739,6451037.6,1873237.284,72400
923,10030,739,6451038.4,1873236.579,72500
924,10030,739,6451039.2,1873235.776,72600
925,10030,739,6451040.0,1873234.875,72700
926,10030,739,6451040.8,1873233.876,72800
927,10030,739,6451041.6,1873232.779,72900
928,10030,739,6451042.4,1873231.584,73000
929,10030,739,6451043.2,1873230.291,73100
930,10031,739,6451030.0,1873238.0,70300
931,10031,739,6451030.6049999995,1873239.3509999998,70400
932,10031,739,6451031.22,1873240.604,70500
933,10031,739,6451031.845,1873241.7589999998,70600
934,10031,739,6451032.48,1873242.816,70700
935,10031,739,6451033.125,1873243.775,70800
936,10031,739,6451033.779999999,1873244.636,70900
937,10031,739,6451034.445,1873245.399,71000
938,10031,739,6451035.12,1873246.064,71100
939,10031,739,6451035.805000001,1873246.631,71200
940,10031,739,6451036.5,1873247.1,71300
941,10031,739,6451037.205,1873247.471,71400
942,10031,739,6451037.92,1873247.744,71500
943,10031,739,6451038.645,1873247.919,71600
944,10031,739,6451039.380000001,1873247.996,71700
945,10031,739,6451040.125,1873247.975,71800
946,10031,739,6451040.88,1873247.856,71900
947,10031,739,6451041.6450000005,1873247.639,72000
948,10031,739,6451042.42,1873247.324,72100
949,10031,739,6451043.205,1873246.911,72200
950,10031,739,6451044.0,1873246.4,72300
951,10031,739,6451044.805,1873245.791,72400
952,10031,739,6451045.62,1873245.084,72500
953,10031,739,6451046.444999999,1873244.2789999999,72600
954,10031,739,6451047.28,1873243.3760000002,72700
955,10031,739,6451048.125,1873242.375,72800
956,10031,739,6451048.9799999995,1873241.2759999998,72900
957,10031,739,6451049.845,1873240.0790000001,73000
958,10031,739,6451050.72,1873238.784,73100
959,10031,739,6451051.605,1873237.391,73200
960,10032,739,6451068.0,1873274.0,70400
961,10032,739,6451067.568023328,1873273.996112105,70500
962,10032,739,6451067.136186612,1873273.9844496795,70600
963,10032,739,6451066.704629764,1873273.9650165022,70700
964,10032,739,6451066.273492605,1873273.9378188692,70800
965,10032,739,6451065.842914819,1873273.9028655924,70900
966,10032,739,6451065.413035911,1873273.860167996,71000
967,10032,739,6451064.9839951545,1873273.809739914,71100
968,10032,739,6451064.555931559,1873273.7515976846,71200
969,10032,739,6451064.128983811,1873273.6857601453,71300
970,10032,739,6451063.703290238,1873273.612248627,71400
971,10032,739,6451063.278988762,1873273.5310869466,71500
972,10032,739,6451062.856216852,1873273.4423013998,71600
973,10032,739,6451062.435111482,1873273.3459207525,71700
974,10032,739,6451062.015809088,1873273.241976231,71800
975,10032,739,6451061.59844552,1873273.1305015127,71900
976,10032,739,6451061.183155999,1873273.0115327144,72000
977,10032,739,6451060.770075075,1873272.8851083803,72100
978,10032,739,6451060.359336585,1873272.7512694718,72200
979,10032,739,6451059.951073602,1873272.6100593507,72300
980,10032,739,6451059.545418401,1873272.4615237683,72400
981,10032,739,6451059.142502411,1873272.3057108487,72500
982,10032,739,6451058.742456173,1873272.1426710738,72600
983,10032,739,6451058.345409297,1873271.972457267,72700
984,10032,739,6451057.951490425,1873271.7951245767,72800
985,10032,739,6451057.560827182,1873271.6107304564,72900
986,10032,739,6451057.173546139,1873271.4193346486,73000
987,10032,739,6451056.789772772,1873271.2209991638,73100
988,10032,739,6451056.409631422,1873271.0157882608,73200
989,10032,739,6451056.033245249,1873270.8037684262,73300
990,10033,739,6451080.0,1873268.0,70500
991,10033,739,6451080.6,1873271.5047650808,70600
992,10033,739,6451081.2,1873274.456204818,70700
993,10033,739,6451081.8,1873276.3883517736,70800
994,10033,739,6451082.4,1873276.9961624274,70900
995,10033,739,6451083.0,1873276.1836768414,71000
996,10033,739,6451083.6,1873274.079168625,71100
997,10033,739,6451084.2,1873271.0148933514,71200
998,10033,739,6451084.8,1873267.474632709,71300
999,10033,739,6451085.4,1873264.0173160103,71400
1000,10033,739,6451086.0,1873261.1887775422,71500
1001,10033,739,6451086.6,1873259.435581335,71600
1002,10033,739,6451087.2,1873259.0345185206,71700
1003,10033,739,6451087.8,1873260.0489080986,71800
1004,10033,739,6451088.4,1873262.3186002593,71900
1005,10033,739,6451089.0,1873265.4852605162,72000
1006,10033,739,6451089.6,1873269.0489428437,72100
1007,10033,739,6451090.2,1873272.4470201603,72200
1008,10033,739,6451090.8,1873275.1430107746,72300
1009,10033,739,6451091.4,1873276.7112770483,72400
1010,10033,739,6451092.0,1873276.9042242195,72500
1011,10033,739,6451092.6,1873275.6913901728,72600
1012,10033,739,6451093.2,1873273.264254736,72700
1013,10033,739,6451093.8,1873270.006009227,72800
1014,10033,739,6451094.4,1873266.4310589689,72900
1015,10033,739,6451095.0,1873263.103810002,73000
1016,10033,739,6451095.6,1873260.5495617783,73100
1017,10033,739,6451096.2,1873259.1715739295,73200
1018,10033,739,6451096.8,1873259.1874004377,73300
1019,10033,739,6451097.4,1873260.5945426454,73400
1020,10034,739,6451100.0,1873278.0,70600
1021,10034,739,6451100.405,1873281.1153467384,70700
1022,10034,739,6451100.819999999,1873283.7388487272,70800
1023,10034,739,6451101.245,1873285.4563126878,70900
1024,10034,739,6451101.68,1873285.9965888243,71000
1025,10034,739,6451102.125,1873285.2743794145,71100
1026,10034,739,6451102.58,1873283.4037054444,71200
1027,10034,739,6451103.045,1873280.6799052013,71300
1028,10034,739,6451103.5200000005,1873277.5330068525,71400
1029,10034,739,6451104.005,1873274.4598364537,71500
1030,10034,739,6451104.5,1873271.9455800375,71600
1031,10034,739,6451105.005000001,1873270.387183409,71700
1032,10034,739,6451105.52,1873270.0306831293,71800
1033,10034,739,6451106.045,1873270.9323627541,71900
1034,10034,739,6451106.58,1873272.949866897,72000
1035,10034,739,6451107.125,1873275.7646760144,72100
1036,10034,739,6451107.680000001,1873278.9323936389,72200
1037,10034,739,6451108.245,1873281.952906809,72300
1038,10034,739,6451108.82,1873284.3493429108,72400
1039,10034,739,6451109.404999999,1873285.7433573762,72500
1040,10034,739,6451110.0,1873285.914865973,72600
1041,10034,739,6451110.605,1873284.8367912646,72700
1042,10034,739,6451111.22,1873282.6793375432,72800
1043,10034,739,6451111.845,1873279.7831193127,72900
1044,10034,739,6451112.4799999995,1873276.6053857503,73000
1045,10034,739,6451113.125,1873273.6478311128,73100
1046,10034,739,6451113.78,1873271.3773882473,73200
1047,10034,739,6451114.444999999,1873270.1525101594,73300
1048,10034,739,6451115.12,1873270.166578167,73400
1049,10034,739,6451115.805,1873271.4173712402,73500
